Customer ID,Customer Name
CG-12520,Claire Gute
SO-20335,Sean O'Donnell
BH-11710,Brosina Hoffman
SF-20065,Sandra Flanagan
EB-13870,Emily Burns
TB-21520,Tracy Blumstein
GH-14485,Gene Hale
SN-20710,Steve Nguyen
DP-13000,Darren Powers
TB-21055,Ted Butterfield
KM-16720,Kunst Miller
PS-18970,Paul Stevenson
JE-15745,Joel Eaton
KB-16600,Ken Brennan
PO-18865,Patrick O'Donnell
KB-16315,Karl Braun
PN-18775,Parhena Norris
LC-16870,Lena Cacioppo
CV-12805,Cynthia Voltz
DK-13090,Dave Kipp
SC-20725,Steven Cartwright
AD-10180,Alan Dominguez
PF-19165,Philip Fox
LS-16975,Lindsay Shagiari
LC-16885,Lena Creighton
JD-15895,Jonathan Doherty
MG-17680,Maureen Gastineau
JE-16165,Justin Ellison
DB-13060,Dave Brooks
BM-11140,Becky Martin
CS-12130,Chad Sievert
MP-17470,Mark Packer
BS-11755,Bruce Stewart
HK-14890,Heather Kirkland
VW-21775,Victoria Wilson
JB-15925,Joni Blumstein
DS-13180,David Smith
VD-21670,Valerie Dominguez
CS-12400,Christopher Schild
KL-16645,Ken Lonsdale
DW-13480,Dianna Wilson
LH-17155,Logan Haushalter
DR-12880,Dan Reichenbach
HA-14920,Helen Andreada
JO-15280,Jas O'Carroll
NZ-18565,Nick Zandusky
KL-16555,Kelly Lampkin
JH-15910,Jonathan Howell
AS-10225,Alan Schoenberger
BP-11185,Ben Peterman
TS-21205,Thomas Seio
NM-18445,Nathan Mautz
DJ-13510,Don Jones
PO-18850,Patrick O'Brill
AC-10420,Alyssa Crouse
JL-15505,Jeremy Lonsdale
KW-16435,Katrina Willman
MK-17905,Michael Kennedy
AR-10405,Allen Rosenblatt
DO-13435,Denny Ordway
DK-13225,Dean Katz
AG-10675,Anna Gayman
KH-16510,Keith Herrera
KC-16675,Kimberly Carter
PB-19150,Philip Brown
MP-17965,Michael Paige
NF-18385,Natalie Fritzler
JM-15265,Janet Molinari
PK-19075,Pete Kriz
TB-21595,Troy Blackwell
EB-13705,Ed Braxton
SC-20095,Sanjit Chand
TN-21040,Tanja Norvell
JS-15940,Joni Sundaresam
JP-15520,Jeremy Pistek
JE-15475,Jeremy Ellison
MT-18070,Michelle Tran
RO-19780,Rose O'Brian
MY-17380,Maribeth Yedwab
LS-17245,Lynn Smith
MC-17605,Matt Connell
PH-18790,Patricia Hirasaki
KB-16240,Karen Bern
JC-15340,Jasper Cacioppo
DK-12985,Darren Koutras
PG-18895,Paul Gonzalez
BD-11320,Bill Donatelli
RC-19960,Ryan Crowe
OT-18730,Olvera Toch
LP-17080,Liz Pelletier
CA-12775,Cynthia Arntzen
EB-13840,Ellis Ballard
CS-11950,Carlos Soltero
BD-11725,Bruce Degenhardt
LR-16915,Lena Radford
AS-10240,Alan Shonely
NG-18355,Nat Gilpin
SF-20965,Sylvia Foulston
MO-17800,Meg O'Connel
DJ-13420,Denny Joy
RB-19465,Rick Bensley
JD-16150,Justin Deggeller
AR-10825,Anthony Rawles
EH-14125,Eugene Hildebrand
CB-12025,Cassandra Brandow
RP-19390,Resi Pölking
CD-11980,Carol Darley
RA-19285,Ralph Arnett
NP-18325,Naresj Patel
Dl-13600,Dorris liebe
AS-10285,Alejandro Savely
JK-15370,Jay Kimmel
DP-13165,David Philippe
SV-20365,Seth Vernon
KC-16540,Kelly Collister
CK-12325,Christine Kargatis
MR-17545,Mathew Reese
EG-13900,Emily Grady
DS-13030,Darrin Sayre
MH-17785,Maya Herman
RF-19735,Roland Fjeld
MS-17830,Melanie Seite
NB-18655,Nona Balk
AJ-10795,Anthony Johnson
LE-16810,Laurel Elliston
BV-11245,Benjamin Venier
BM-11785,Bryan Mills
LT-17110,Liz Thompson
SA-20830,Sue Ann Reed
CD-11920,Carlos Daly
HW-14935,Helen Wasserman
GM-14440,Gary McGarr
AA-10375,Allen Armold
ZC-21910,Zuschuss Carroll
PJ-19015,Pauline Johnson
BM-11650,Brian Moss
AF-10885,Art Foster
GA-14725,Guy Armstrong
GT-14710,Greg Tran
AJ-10780,Anthony Jacobs
CC-12430,Chuck Clark
HP-14815,Harold Pawlan
PM-19135,Peter McVee
LL-16840,Lauren Leatherbury
SC-20050,Sample Company A
RW-19630,Rob Williams
RB-19795,Ross Baird
KH-16360,Katherine Hughes
GH-14665,Greg Hansen
DL-12925,Daniel Lacy
LW-16990,Lindsay Williams
DL-13315,Delfina Latchford
TZ-21580,Tracy Zic
JG-15805,John Grady
SL-20155,Sara Luxemburg
RD-19585,Rob Dowd
RH-19495,Rick Hansen
VG-21790,Vivek Gonzalez
JS-15880,John Stevenson
KM-16225,Kalyca Meade
LA-16780,Laura Armstrong
EL-13735,Ed Ludwig
RD-19660,Robert Dilbeck
MO-17500,Mary O'Rourke
DG-13300,Deirdre Greer
NF-18595,Nicole Fjeld
JD-16060,Julia Dunbar
BD-11620,Brian DeCherney
BT-11395,Bill Tyler
KD-16270,Karen Daniels
NS-18640,Noel Staavos
PV-18985,Paul Van Hugh
EH-13945,Eric Hoffmann
RA-19915,Russell Applegate
HL-15040,Hunter Lopez
BD-11605,Brian Dahlen
AP-10915,Arthur Prichep
CB-12535,Claudia Bergmann
PS-19045,Penelope Sewall
GB-14530,George Bell
BT-11530,Bradley Talbott
LS-16945,Linda Southworth
SW-20755,Steven Ward
SP-20620,Stefania Perrino
PG-18820,Patrick Gardner
GM-14680,Greg Matthias
NP-18700,Nora Preis
DJ-13630,Doug Jacobs
MH-18115,Mick Hernandez
CC-12220,Chris Cortes
JC-16105,Julie Creighton
BG-11695,Brooke Gillingham
MS-17710,Maurice Satty
TB-21355,Todd Boyes
LC-17140,Logan Currie
TC-21535,Tracy Collins
CS-12460,Chuck Sachs
RC-19825,Roy Collins
HG-14965,Henry Goldwyn
LD-17005,Lisa DeCherney
JF-15190,Jamie Frazer
CM-12115,Chad McGuire
BP-11290,Beth Paige
LB-16735,Larry Blacks
KT-16465,Kean Takahito
AB-10600,Ann Blume
SZ-20035,Sam Zeldin
JR-15670,Jim Radford
CA-12265,Christina Anderson
JK-16120,Julie Kriz
PP-18955,Paul Prost
CK-12760,Cyma Kinney
GM-14455,Gary Mitchum
SD-20485,Shirley Daniels
AB-10105,Adrian Barton
BT-11305,Beth Thompson
SV-20815,Stuart Van
IM-15070,Irene Maddox
ME-17320,Maria Etezadi
AA-10480,Andrew Allen
MB-18085,Mick Brown
LC-16930,Linda Cazamias
MB-17305,Maria Bertelson
DK-12835,Damala Kotsonis
NM-18520,Neoma Murray
CM-12655,Corinna Mitchell
TS-21370,Todd Sumrall
JW-15220,Jane Waco
AT-10435,Alyssa Tate
PC-19000,Pauline Chand
JM-15535,Jessica Myrick
AI-10855,Arianne Irving
MC-17845,Michael Chen
GH-14425,Gary Hwang
CJ-12010,Caroline Jumper
MP-18175,Mike Pelletier
CL-11890,Carl Ludwig
CK-12205,Chloris Kastensmidt
PC-18745,Pamela Coakley
SG-20470,Sheri Gordon
MC-18100,Mick Crebagga
DP-13390,Dennis Pardue
MD-17350,Maribeth Dona
AB-10150,Aimee Bixby
ML-17395,Marina Lichtenstein
JC-15385,Jenna Caffey
MC-17275,Marc Crier
TB-21280,Toby Braunhardt
MM-17920,Michael Moore
SB-20290,Sean Braxton
AW-10840,Anthony Witt
TS-21610,Troy Staebel
HZ-14950,Henia Zydlo
ND-18370,Natalie DeCherney
JK-15205,Jamie Kunitz
MM-18055,Michelle Moray
DC-13285,Debra Catini
BN-11515,Bradley Nguyen
KD-16345,Katherine Ducich
FM-14215,Filia McAdams
JW-15955,Joni Wasserman
AG-10900,Arthur Gainer
ML-17755,Max Ludwig
RM-19375,Raymond Messe
AS-10135,Adrian Shami
FO-14305,Frank Olsen
BT-11680,Brian Thompson
JL-15235,Janet Lee
EA-14035,Erin Ashbrook
BF-10975,Barbara Fisher
KH-16330,Katharine Harms
FA-14230,Frank Atkinson
DA-13450,Dianna Arnett
FH-14275,Frank Hawley
NC-18625,Noah Childs
AH-10075,Adam Hart
ME-18010,Michelle Ellison
BP-11230,Benjamin Patterson
JG-15160,James Galang
LF-17185,Luke Foster
RA-19945,Ryan Akin
RW-19540,Rick Wilson
DB-13660,Duane Benoit
EH-13765,Edward Hooks
NP-18685,Nora Pelletier
JE-15715,Joe Elijah
AC-10615,Ann Chong
LW-16825,Laurel Workman
AS-10090,Adam Shillingsburg
JS-16030,Joy Smith
CM-12190,Charlotte Melton
AM-10705,Anne McFarland
RH-19510,Rick Huthwaite
CT-11995,Carol Triggs
SN-20560,Skye Norling
CK-12595,Clytie Kelty
RD-19480,Rick Duston
TP-21130,Theone Pippenger
GG-14650,Greg Guthrie
KA-16525,Kelly Andreada
TR-21325,Toby Ritter
MS-17365,Maribeth Schnelling
MM-17260,Magdelene Morse
AH-10120,Adrian Hane
SG-20080,Sandra Glassco
RK-19300,Ralph Kennedy
JB-15400,Jennifer Braxton
EH-14005,Erica Hernandez
RF-19345,Randy Ferguson
TB-21625,Trudy Brown
GT-14635,Grant Thornton
TS-21160,Theresa Swint
WB-21850,William Brown
AF-10870,Art Ferguson
BF-11170,Ben Ferrer
IL-15100,Ivan Liston
SW-20275,Scott Williamson
NS-18505,Neola Schneider
DK-13375,Dennis Kane
BT-11440,Bobby Trafton
DB-13405,Denny Blanton
SJ-20125,Sanjit Jacobs
MV-17485,Mark Van Huff
JL-15850,John Lucas
LM-17065,Liz MacKendrick
JK-15625,Jim Karlsson
RS-19420,Ricardo Sperren
BC-11125,Becky Castell
EM-13825,Elizabeth Moffitt
BM-11575,Brendan Murry
SC-20260,Scott Cohen
CP-12340,Christine Phan
AB-10060,Adam Bellavance
EH-13990,Erica Hackney
BF-11020,Barry Französisch
BE-11455,Brad Eason
SG-20605,Speros Goranitis
HM-14860,Harry Marie
BE-11335,Bill Eplett
JA-15970,Joseph Airdo
SV-20935,Susan Vittorini
MZ-17515,Mary Zewe
AZ-10750,Annie Zypern
PW-19240,Pierre Wener
SW-20455,Shaun Weien
CM-11935,Carlos Meador
PF-19225,Phillip Flathmann
GM-14695,Greg Maxwell
KN-16705,Kristina Nunn
KT-16480,Kean Thornton
SC-20575,Sonia Cooley
BB-11545,Brenda Bowman
DW-13585,Dorothy Wardle
EM-13810,Eleni McCrary
KD-16615,Ken Dana
AP-10720,Anne Pryor
BW-11110,Bart Watters
TM-21010,Tamara Manning
SF-20200,Sarah Foster
SM-20320,Sean Miller
SE-20110,Sanjit Engle
EN-13780,Edward Nazzal
MC-17590,Matt Collister
BO-11350,Bill Overfelt
AG-10300,Aleksandra Gannaway
JF-15295,Jason Fortune-
SB-20170,Sarah Bern
TB-21400,Tom Boeckenhauer
SH-19975,Sally Hughsby
HR-14830,Harold Ryan
HF-14995,Herbert Flentye
NL-18310,Nancy Lomonaco
RR-19525,Rick Reed
DL-12865,Dan Lawera
CC-12145,Charles Crestani
CP-12085,Cathy Prescott
EP-13915,Emily Phan
FH-14350,Fred Harton
MS-17530,MaryBeth Skach
SC-20770,Stewart Carmichael
JP-16135,Julie Prescott
SS-20140,Saphhira Shifley
CD-12790,Cynthia Delaney
MD-17860,Michael Dominguez
KN-16450,Kean Nguyen
DL-13330,Denise Leinenbach
MH-18025,Michelle Huthwaite
DR-12940,Daniel Raglin
DM-13015,Darrin Martin
DM-13345,Denise Monton
CC-12370,Christopher Conant
SC-20380,Shahid Collister
BF-11275,Beth Fritzler
TD-20995,Tamara Dahlen
BK-11260,Berenike Kampe
HG-14845,Harry Greene
LS-17200,Luke Schmidt
JM-16195,Justin MacKendrick
BP-11155,Becky Pak
TT-21220,Thomas Thornton
LH-17020,Lisa Hazard
EM-14140,Eugene Moren
MA-17995,Michelle Arnett
AY-10555,Andy Yotov
Co-12640,Corey-Lock
JF-15565,Jill Fjeld
DV-13045,Darrin Van Huff
GB-14575,Giulietta Baptist
CL-12565,Clay Ludtke
JB-16045,Julia Barnett
NW-18400,Natalie Webber
JB-16000,Joy Bell-
DM-12955,Dario Medina
JH-16180,Justin Hirsh
AS-10045,Aaron Smayling
ZD-21925,Zuschuss Donatelli
KF-16285,Karen Ferguson
TC-21475,Tony Chapman
HH-15010,Hilary Holden
YC-21895,Yoseph Carroll
KM-16375,Katherine Murray
TP-21415,Tom Prescott
DB-12910,Daniel Byrd
CS-12355,Christine Sundaresam
JG-15310,Jason Gross
MS-17770,Maxwell Schwartz
JE-15610,Jim Epp
CC-12100,Chad Cunningham
JP-15460,Jennifer Patt
CS-11845,Cari Sayre
SM-20950,Suzanne McNair
TT-21070,Ted Trevino
RD-19900,Ruben Dartt
DW-13195,David Wiener
SJ-20215,Sarah Jordon
BG-11740,Bruce Geld
AH-10030,Aaron Hawkins
TH-21100,Thea Hendricks
HG-15025,Hunter Glantz
EB-13750,Edward Becker
TS-21505,Tony Sayre
TH-21550,Tracy Hopkins
PR-18880,Patrick Ryan
CA-12310,Christine Abelman
MC-17425,Mark Cousins
LC-17050,Liz Carlisle
Dp-13240,Dean percer
LB-16795,Laurel Beltran
DE-13255,Deanra Eno
CC-12610,Corey Catlett
RH-19600,Rob Haberlin
CA-12055,Cathy Armstrong
SC-20020,Sam Craven
MG-17875,Michael Grace
RD-19810,Ross DeVincentis
MT-17815,Meg Tillman
KD-16495,Keith Dawkins
RB-19330,Randy Bradley
JC-15775,John Castell
ML-17410,Maris LaWare
MH-17620,Matt Hagelstein
MF-17665,Maureen Fritzler
RS-19765,Roland Schwarz
AB-10255,Alejandro Ballentine
RM-19750,Roland Murray
KB-16585,Ken Black
CM-12160,Charles McCrossin
EJ-13720,Ed Jacobs
NC-18415,Nathan Cano
AH-10690,Anna Häberlin
LS-17230,Lycoris Saunders
MY-18295,Muhammed Yedwab
KE-16420,Katrina Edelman
DH-13675,Duane Huffman
GH-14410,Gary Hansen
JF-15355,Jay Fein
PF-19120,Peter Fuller
SP-20860,Sung Pak
VT-21700,Valerie Takahito
MM-18280,Muhammed MacIntyre
MH-17455,Mark Hamilton
TS-21340,Toby Swindell
DN-13690,Duane Noonan
RB-19360,Raymond Buch
ED-13885,Emily Ducich
JM-15250,Janet Martin
EB-13930,Eric Barreto
TH-21235,Tiffany House
PL-18925,Paul Lucas
CS-12175,Charles Sheldon
AR-10540,Andy Reiter
DB-13120,David Bremer
DK-12895,Dana Kaydos
AA-10645,Anna Andreadi
JO-15145,Jack O'Briant
GA-14515,George Ashbrook
LH-16900,Lena Hernandez
DL-13495,Dionis Lloyd
MG-18145,Mike Gockenbach
NC-18535,Nick Crebassa
SR-20740,Steven Roelle
SJ-20500,Shirley Jackson
BS-11365,Bill Shonely
SH-20635,Stefanie Holloman
RM-19675,Robert Marley
CA-11965,Carol Adams
AH-10585,Angele Hood
GZ-14470,Gary Zandusky
RR-19315,Ralph Ritter
JL-15835,John Lee
AS-10630,Ann Steele
JK-15730,Joe Kamberova
CC-12670,Craig Carreira
VS-21820,Vivek Sundaresam
BW-11200,Ben Wallace
RD-19720,Roger Demir
VF-21715,Vicky Freymann
ES-14080,Erin Smith
RL-19615,Rob Lucas
GK-14620,Grace Kelly
JF-15490,Jeremy Farry
MG-17650,Matthew Grinstein
MC-18130,Mike Caudle
MG-17890,Michael Granlund
HA-14905,Helen Abelman
DB-13360,Dennis Bolton
SV-20785,Stewart Visinsky
DB-13555,Dorothy Badders
AG-10270,Alejandro Grove
NR-18550,Nick Radford
RB-19435,Richard Bierner
GT-14755,Guy Thornton
ES-14020,Erica Smith
CM-12385,Christopher Martinez
MF-18250,Monica Federle
EB-14110,Eugene Barchas
TB-21175,Thomas Boland
AC-10660,Anna Chung
AB-10015,Aaron Bergman
CL-12700,Craig Leslie
RB-19645,Robert Barroso
SS-20410,Shahid Shariari
HR-14770,Hallie Redmond
AH-10465,Amy Hunt
MA-17560,Matt Abelman
BD-11500,Bradley Drucker
TS-21430,Tom Stivers
FP-14320,Frank Preis
JL-15175,James Lanier
KW-16570,Kelly Williams
AJ-10945,Ashley Jarboe
CS-12250,Chris Selesnick
RE-19450,Richard Eichhorn
SR-20425,Sharelle Roach
TM-21490,Tony Molinari
AH-10195,Alan Haines
AB-10165,Alan Barnes
CV-12295,Christina VanderZanden
NH-18610,Nicole Hansen
AG-10495,Andrew Gjertsen
GR-14560,Georgia Rosenberg
MH-17290,Marc Harrigan
DM-13525,Don Miller
TA-21385,Tom Ashbrook
DB-13210,Dean Braden
TH-21115,Thea Hudgings
MS-17980,Michael Stewart
DB-12970,Darren Budd
SU-20665,Stephanie Ulpright
RF-19840,Roy Französisch
SC-20695,Steve Chapman
ML-18040,Michelle Lonsdale
TG-21640,Trudy Glocke
RB-19705,Roger Barcio
SS-20875,Sung Shariari
DH-13075,Dave Hallsten
BW-11065,Barry Weirich
FH-14365,Fred Hopkins
SC-20440,Shaun Chance
JK-16090,Juliana Krohn
MG-18205,Mitch Gastineau
CR-12730,Craig Reiter
KB-16405,Katrina Bavinger
BS-11665,Brian Stugart
PO-19180,Philisse Overcash
RA-19885,Ruben Ausman
BD-11770,Bryan Davis
AG-10390,Allen Goldenen
SW-20245,Scot Wooten
BF-11215,Benjamin Farhat
SP-20920,Susan Pistek
JR-16210,Justin Ritter
TB-21190,Thomas Brumley
AO-10810,Anthony O'Donnell
EK-13795,Eileen Kiefer
DB-13270,Deborah Brumfield
CM-12445,Chuck Magee
YS-21880,Yana Sorensen
JF-15415,Jennifer Ferguson
LO-17170,Lori Olson
ME-17725,Max Engle
MZ-17335,Maria Zettner
TP-21565,Tracy Poddar
LW-17125,Liz Willingham
XP-21865,Xylona Preis
SH-20395,Shahid Hopkins
TT-21460,Tonja Turnell
EC-14050,Erin Creighton
BS-11590,Brendan Sweed
KN-16390,Katherine Nockton
SS-20515,Shirley Schmidt
SP-20545,Sibella Parks
ON-18715,Odella Nelson
MV-18190,Mike Vittorini
VP-21760,Victoria Pisteka
PM-18940,Paul MacIntyre
TW-21025,Tamara Willingham
TC-21145,Theresa Coyne
PS-18760,Pamela Stobb
SC-20230,Scot Coram
ST-20530,Shui Tom
AR-10570,Anemone Ratner
CY-12745,Craig Yedwab
AT-10735,Annie Thurman
AG-10330,Alex Grayson
VB-21745,Victoria Brennan
SC-20305,Sean Christensen
JS-15595,Jill Stevenson
AW-10930,Arthur Wiediger
CB-12415,Christy Brittain
DO-13645,Doug O'Connell
MN-17935,Michael Nguyen
SP-20650,Stephanie Phelps
AR-10345,Alex Russell
AA-10315,Alex Avila
CC-12475,Cindy Chapman
TC-21295,Toby Carlisle
BS-11380,Bill Stewart
RB-19570,Rob Beeghly
TB-21250,Tim Brockman
JM-15655,Jim Mitchum
FC-14335,Fred Chung
JM-15865,John Murray
NB-18580,Nicole Brennan
ER-13855,Elpida Rittenbach
LW-17215,Luke Weiss
PW-19030,Pauline Webber
GM-14500,Gene McClure
DW-13540,Don Weiss
TG-21310,Toby Gnade
JS-15685,Jim Sink
TS-21655,Trudy Schmidt
DC-12850,Dan Campbell
PO-19195,Phillina Ober
EM-14200,Evan Minnotte
CR-12580,Clay Rozendal
CM-11815,Candace McMahon
CM-12715,Craig Molinari
LC-16960,Lindsay Castell
CR-12820,Cyra Reiten
RD-19930,Russell D'Ascenzo
CS-12490,Cindy Schnelling
JD-15790,John Dryer
PT-19090,Pete Takahito
LP-17095,Liz Preis
GZ-14545,George Zrebassa
GW-14605,Giulietta Weimer
SC-20680,Steve Carroll
MH-17440,Mark Haberlin
EJ-14155,Eva Jacobs
BD-11635,Brian Derr
HE-14800,Harold Engle
NP-18670,Nora Paige
EM-14065,Erin Mull
AG-10525,Andy Gerbode
HM-14980,Henry MacAllister
BP-11095,Bart Pistole
SB-20185,Sarah Brown
CR-12625,Corey Roper
DF-13135,David Flashing
JL-15130,Jack Lebron
JH-15430,Jennifer Halladay
JG-15115,Jack Garza
ND-18460,Neil Ducich
LR-17035,Lisa Ryan
KM-16660,Khloe Miller
FM-14380,Fred McMath
HJ-14875,Heather Jas
JH-15820,John Huston
AM-10360,Alice McCarthy
SM-20005,Sally Matthias
DP-13105,Dave Poirier
MW-18220,Mitch Webber
CD-12280,Christina DeMoss
CM-12235,Chris McAfee
PB-18805,Patrick Bzostek
RP-19270,Rachel Payne
EB-14170,Evan Bailliet
SM-20905,Susan MacKendrick
BF-11005,Barry Franz
FC-14245,Frank Carlisle
JH-15985,Joseph Holt
BT-11485,Brad Thomas
QJ-19255,Quincy Jones
BG-11035,Barry Gonzalez
SC-20845,Sung Chung
IM-15055,Ionia McGrath
NK-18490,Neil Knudson
MJ-17740,Max Jones
JK-15640,Jim Kriz
DK-13150,David Kendrick
SK-19990,Sally Knutson
VM-21685,Valerie Mitchum
KH-16690,Kristen Hastings
BB-10990,Barry Blumstein
DB-13615,Doug Bickford
NG-18430,Nathan Gelder
VP-21730,Victor Preis
KH-16630,Ken Heidel
MK-18160,Mike Kennedy
CW-11905,Carl Weiss
AJ-10960,Astrea Jones
DV-13465,Dianna Vittorini
AR-10510,Andrew Roberts
GD-14590,Giulietta Dortch
JO-15550,Jesus Ocampo
BN-11470,Brad Norvell
EM-14095,Eudokia Martin
GP-14740,Guy Phonely
PK-18910,Paul Knutson
AG-10765,Anthony Garverick
JJ-15760,Joel Jenkins
CG-12040,Catherine Glotzbach
KC-16255,Karen Carlisle
BS-11800,Bryan Spruell
RW-19690,Robert Waldorf
MW-18235,Mitch Willingham
FM-14290,Frank Merwin
JJ-15445,Jennifer Jackson
PA-19060,Pete Armstrong
NC-18340,Nat Carroll
LT-16765,Larry Tron
EB-13975,Erica Bern
MC-17575,Matt Collins
FG-14260,Frank Gastineau
TS-21085,Thais Sissman
CS-12505,Cindy Stewart
IG-15085,Ivan Gibson
BO-11425,Bobby Odegard
JW-16075,Julia West
VG-21805,Vivek Grady
CC-12685,Craig Carroll
CH-12070,Cathy Hwang
AC-10450,Amy Cox
RP-19855,Roy Phan
JD-16015,Joy Daniels
SC-20800,Stuart Calhoun
TC-20980,Tamara Chand
BF-11080,Bart Folk
PJ-18835,Patrick Jones
AH-10210,Alan Hwang
PB-19105,Peter Bühler
MC-17635,Matthew Clasen
TT-21265,Tim Taslimi
BE-11410,Bobby Elias
RH-19555,Ritsa Hightower
MO-17950,Michael Oakman
SW-20350,Sean Wendt
EH-14185,Evan Henry
SS-20590,Sonia Sunley
CC-12550,Clay Cheatham
VM-21835,Vivian Mathis
MG-17695,Maureen Gnade
DD-13570,Dorothy Dickinson
SG-20890,Susan Gilcrest
NF-18475,Neil Französisch
EM-13960,Eric Murdock
CS-11860,Cari Schnelling
PB-19210,Phillip Breyer
KS-16300,Karen Seio
JM-15580,Jill Matthias
JK-15325,Jason Klamczynski
LH-16750,Larry Hughes
BP-11050,Barry Pond
LD-16855,Lela Donovan
ML-18265,Muhammed Lee
FW-14395,Fred Wasserman
BD-11560,Brendan Dodson
HD-14785,Harold Dahlen
CJ-11875,Carl Jackson
RS-19870,Roy Skaria
RE-19405,Ricardo Emerson
JR-15700,Jocasta Rupert
